ticket_id,title,priority,status,ai_category,ai_confidence,customer,company,device,category,technician,created_at,updated_at,resolved_at,closed_at,hours_to_resolve
1,VPN keeps disconnecting,HIGH,ASSIGNED,Network,0.294,Docker Co,,,,Technician,2026-09-20 21:01:57.583214+00:00,2026-09-20 21:05:02.374172+00:00,,,
2,med,MEDIUM,IN_PROGRESS,,,Docker Co,,,Hardware,Technician,2026-09-20 21:05:42.302118+00:00,2026-09-20 21:05:57.214960+00:00,,,
3,hamid,HIGH,CLOSED,,,Omar Idrissi,Atlas Services,Lenovo ThinkPad T14,Network,Youssef Technician,2026-09-23 01:45:48.594749+00:00,2026-09-23 01:46:31.398228+00:00,2026-09-23 01:46:27.040664+00:00,2026-09-23 01:46:31.416619+00:00,0.01067942083333333333
4,Wi-Fi not working,HIGH,CLOSED,,,E2E Customer,E2E Company,Dell Latitude 5520,Network,E2E Technician,2026-09-23 02:35:37.318284+00:00,2026-09-23 02:35:37.821544+00:00,2026-09-23 02:35:37.786199+00:00,2026-09-23 02:35:37.834014+00:00,0.00012997638888888889
5,Wi-Fi not working,HIGH,CLOSED,,,E2E Customer,E2E Company,Dell Latitude 5520,Network,E2E Technician,2026-09-23 02:35:51.815925+00:00,2026-09-23 02:35:52.319177+00:00,2026-09-23 02:35:52.294078+00:00,2026-09-23 02:35:52.327628+00:00,0.00013282027777777778
6,Wi-Fi not working,HIGH,CLOSED,,,E2E Customer,E2E Company,Dell Latitude 5520,Network,E2E Technician,2026-09-23 02:36:38.771237+00:00,2026-09-23 02:36:39.295352+00:00,2026-09-23 02:36:39.275165+00:00,2026-09-23 02:36:39.305605+00:00,0.00013998000000000000
7,Wi-Fi not working,HIGH,CLOSED,Network,0.547,E2E Customer,E2E Company,Dell Latitude 5520,Network,E2E Technician,2026-09-23 02:58:57.044726+00:00,2026-09-23 02:58:58.931734+00:00,2026-09-23 02:58:58.901698+00:00,2026-09-23 02:58:58.939726+00:00,0.00051582555555555556
8,Wi-Fi not working,HIGH,CLOSED,Network,0.547,E2E Customer,E2E Company,Dell Latitude 5520,Network,E2E Technician,2026-09-23 03:05:05.322378+00:00,2026-09-23 03:05:07.219295+00:00,2026-09-23 03:05:07.182802+00:00,2026-09-23 03:05:07.230524+00:00,0.00051678444444444444
9,Wi-Fi not working,HIGH,CLOSED,Network,0.547,E2E Customer,E2E Company,Dell Latitude 5520,Network,E2E Technician,2026-09-23 03:13:15.976846+00:00,2026-09-23 03:13:17.892714+00:00,2026-09-23 03:13:17.852358+00:00,2026-09-23 03:13:17.905093+00:00,0.00052097555555555556
